Časová značka,Do jaké třídy chodíte?,"Na jaké hodnocení obvykle cílíte v oblastech, které Vás zajímají nebo je potřebujete pro budoucí studium?","Na jaké hodnocení obvykle cílíte v oblastech, které pro Vás nejsou důležité?","Z aktivit uvedených v portfoliu uchazeče, když jsem se na Zatlanku hlásil/a, nyní praktikuji:","Ohodnoťte, jak je pro Vás celková zátěž školou konzistentní.",Jak Vám vyhovuje délka bloku?,Tandem učitelů v tomto předmětu v tomto školním roce považuji za:,Jak velkou zátěž pro mne znamená četba?,"Ohodnoťte, jak důležitý je pro Vás SaK.","Ohodnoťte, jak moc Vás v SaKu zatěžují úkoly na doma.","Ohodnoťte, jak moc Vás v SaKu zatěžuje příprava na zkouškové.","Ohodnoťte, jak je pro Vás zátěž v SaKu konzistentní.",Hodnocení QZ v tomto předmětu:,Ohodnoťte kvalitu zpětné vazby a kritérií hodnocení v SaKu.,Jak je pro Vás v SaKu srozumitelný systém hodnocení procesu (ABC)?,"Ohodnoťte, jak moc přesně můžete očekávat, jakou známku ve zkouškovém dostanete.",Chci něco zásadního doplnit či okomentovat v sekci SAK?,Jak Vám vyhovuje délka bloku? 2,Tandem učitelů v tomto předmětu v tomto školním roce považuji za: 2,Výuka v PIVu obsahuje nácvik praktických dovedností (laboratorní práce):,"Ohodnoťte, jak důležitý je pro Vás PIV.","Ohodnoťte, jak moc Vás v PIVu zatěžují úkoly na doma.","Ohodnoťte, jak moc Vás v PIVu zatěžuje příprava na zkouškové.","Ohodnoťte, jak je pro Vás zátěž v PIVu konzistentní.",Hodnocení QZ v tomto předmětu: 2,Ohodnoťte kvalitu zpětné vazby a kritérií hodnocení v PIVu.,Jak je pro Vás v PIVu srozumitelný systém hodnocení procesu (ABC)?,"Ohodnoťte, jak moc přesně můžete očekávat, jakou známku ve zkouškovém dostanete. 2",Chci něco zásadního doplnit či okomentovat v sekci PIV?,"Ohodnoťte, jak důležitá je pro Vás Matematika.","Ohodnoťte, jak moc Vás v Matematice zatěžují úkoly na doma.","Ohodnoťte, jak moc Vás v Matematice zatěžuje příprava na zkouškové.","Ohodnoťte, jak je pro Vás zátěž v Matematice konzistentní.",Hodnocení QZ v tomto předmětu: 3,Ohodnoťte kvalitu zpětné vazby a kritérií hodnocení v Matematice.,Jak je pro Vás v Matematice srozumitelný systém hodnocení procesu (ABC)?,"Ohodnoťte, jak moc přesně můžete očekávat, jakou známku ve zkouškovém dostanete. 3",Chci něco zásadního doplnit či okomentovat v sekci Matematika?,Z hlediska průběžné práce mne více zatěžuje:,"Ohodnoťte, jak důležitá je pro Vás Angličtina.","Ohodnoťte, jak moc Vás v Angličtině zatěžují úkoly na doma.","Ohodnoťte, jak moc Vás v Angličtině zatěžuje příprava na zkouškové.","Ohodnoťte, jak je pro Vás zátěž v Angličtině konzistentní.",Hodnocení QZ v tomto předmětu: 4,Ohodnoťte kvalitu zpětné vazby a kritérií hodnocení v Angličtině.,Jak je pro Vás v Angličtině srozumitelný systém hodnocení procesu (ABC)?,"Ohodnoťte, jak moc přesně můžete očekávat, jakou známku ve zkouškovém dostanete. 4",Chci něco zásadního doplnit či okomentovat v sekci Angličtina?,"Ohodnoťte, jak důležitá je pro Vás Čeština a komunikace.","Ohodnoťte, jak moc Vás v Češtině a komunikaci zatěžují úkoly na doma.","Ohodnoťte, jak moc Vás v Češtině a komunikaci zatěžuje příprava na zkouškové.","Ohodnoťte, jak je pro Vás zátěž v Češtině a komunikaci konzistentní.",Hodnocení QZ v tomto předmětu: 5,Ohodnoťte kvalitu zpětné vazby a kritérií hodnocení v Češtině a komunikaci.,Jak je pro Vás v Češtině a komunikaci srozumitelný systém hodnocení procesu (ABC)?,"Ohodnoťte, jak moc přesně můžete očekávat, jakou známku ve zkouškovém dostanete. 5",Chci něco zásadního doplnit či okomentovat v sekci Čeština a komunikace?,"Ohodnoťte, jak důležitý je pro Vás Druhý cizí jazyk.","Ohodnoťte, jak moc Vás v Druhém cizím jazyce zatěžují úkoly na doma.","Ohodnoťte, jak moc Vás v Druhém cizím jazyce zatěžuje příprava na zkouškové.","Ohodnoťte, jak je pro Vás zátěž v Druhém cizím jazyce konzistentní.",Hodnocení QZ v tomto předmětu: 6,Ohodnoťte kvalitu zpětné vazby a kritérií hodnocení v Druhém cizím jazyce.,Jak je pro Vás v Druhém cizím jazyce srozumitelný systém hodnocení procesu (ABC)?,"Ohodnoťte, jak moc přesně můžete očekávat, jakou známku ve zkouškovém dostanete. 6",Chci něco zásadního doplnit či okomentovat v sekci Druhý cizí jazyk?,"Ohodnoťte, jak důležitá je pro Vás OSV.","Ohodnoťte, jak moc Vás v OSV zatěžují úkoly na doma.","Ohodnoťte, jak moc Vás v OSV zatěžuje příprava na zkouškové.","Ohodnoťte, jak je pro Vás zátěž v OSV konzistentní.",Hodnocení QZ v tomto předmětu: 7,Ohodnoťte kvalitu zpětné vazby a kritérií hodnocení v OSV.,Jak je pro Vás v OSV srozumitelný systém hodnocení procesu (ABC)?,"Ohodnoťte, jak moc přesně můžete očekávat, jakou známku ve zkouškovém dostanete. 7",Chci něco zásadního doplnit či okomentovat v sekci OSV?,"Ohodnoťte, jak důležitá je pro Vás Tvorba.","Ohodnoťte, jak moc Vás v Tvorbě zatěžují úkoly na doma.","Ohodnoťte, jak moc Vás v Tvorbě zatěžuje příprava na zkouškové.","Ohodnoťte, jak je pro Vás zátěž v Tvorbě konzistentní.",Hodnocení QZ v tomto předmětu: 8,Ohodnoťte kvalitu zpětné vazby a kritérií hodnocení v Tvorbě.,Jak je pro Vás v Tvorbě srozumitelný systém hodnocení procesu (ABC)?,"Ohodnoťte, jak moc přesně můžete očekávat, jakou známku ve zkouškovém dostanete. 8",Chci něco zásadního doplnit či okomentovat v sekci Tvorba?
2/2/2026 12:09:23,1.M,Alespoň S,Alespoň H,O jednu méně,3,2,2,4,4,4,4,4,Dobře nastavené,3,3,4,Nikdy nevím co po mě učitel vlastně chce když si vždy řekne něco co mi předtím třeba vyvrátil. ,4,3,Občas náhodně,4,3,5,3,Dobře nastavené,3,3,4,Ne,2,4,5,3,Není využíváno,2,3,4,Jede se moc rychle ,Academic English,4,1,1,2,Není využíváno,1,2,2,,4,3,3,3,Dobře nastavené,3,2,1,,2,3,3,4,Není využíváno,4,3,4,,3,4,1,2,Dobře nastavené,3,3,4,,3,1,1,1,Dobře nastavené,2,3,3,
2/2/2026 12:09:36,1.M,Alespoň S,V,O jednu méně,3,2,2,3,5,2,3,3,Dobře nastavené,3,1,2,,1,2,Občas náhodně,2,3,3,2,Dobře nastavené,2,1,2,,2,4,3,3,Není využíváno,1,1,1,,Academic English,4,4,4,3,Dobře nastavené,1,3,3,,4,5,5,5,Dobře nastavené,5,5,5,,5,1,1,1,Dobře nastavené,1,1,1,,5,5,1,4,Špatně nastavené,1,2,5,,5,4,4,3,Dobře nastavené,4,5,5,
2/2/2026 12:09:48,1.M,V,Alespoň S,O jednu méně,4,2,1,3,3,3,4,2,Dobře nastavené,1,2,3,,2,3,Občas náhodně,5,2,3,2,Dobře nastavené,4,3,3,,3,2,2,1,Není využíváno,2,2,4,,General English,3,1,3,3,Není využíváno,2,2,3,,2,2,2,3,Není využíváno,3,3,4,,4,2,3,2,Špatně nastavené,3,1,2,,3,3,1,2,Dobře nastavené,1,2,2,,2,2,2,1,Dobře nastavené,2,3,3,
2/2/2026 12:09:53,1.M,V,Alespoň S,Všechny,3,1,1,4,5,4,5,3,Špatně nastavené,4,2,2,,2,4,Občas náhodně,5,2,3,4,Dobře nastavené,4,4,1,,5,2,2,4,Není využíváno,2,2,3,,Academic English,3,2,3,3,Dobře nastavené,3,3,3,,2,3,4,3,Dobře nastavené,2,2,4,,4,3,3,2,Dobře nastavené,2,3,2,,3,4,1,2,Dobře nastavené,1,1,3,,5,3,3,4,Nadužívané,2,2,1,
2/2/2026 12:10:37,1.M,Alespoň S,Alespoň H,Všechny,2,2,1,2,4,4,4,3,Dobře nastavené,1,2,2,,2,2,Často,4,2,3,2,Dobře nastavené,3,2,2,,3,3,4,2,Není využíváno,1,1,2,,Academic English,4,3,4,2,Dobře nastavené,1,1,2,,2,2,2,2,Dobře nastavené,1,1,2,,3,2,3,2,Špatně nastavené,2,1,2,,3,3,1,2,Dobře nastavené,1,1,2,,4,3,4,2,Dobře nastavené,2,1,1,
2/2/2026 12:10:40,1.M,V,Alespoň S,O dvě méně,2,1,1,4,5,3,3,2,Dobře nastavené,1,1,2,"SAK je pro mě sice někdy náročný, ale neskutečně mě baví, takže mi to ani nevadí.",2,2,Občas náhodně,2,4,5,2,Dobře nastavené,3,3,2,,3,3,2,1,Není využíváno,2,2,1,,Academic English,3,3,1,2,Nadužívané,2,1,2,,4,3,4,2,Dobře nastavené,2,2,2,,3,3,3,2,Dobře nastavené,2,2,2,,3,2,1,2,Dobře nastavené,2,2,2,,2,1,2,1,Dobře nastavené,3,3,2,
2/2/2026 12:10:53,1.M,V,V,O jednu méně,3,2,1,1,4,3,5,2,Dobře nastavené,1,2,2,,1,2,Občas náhodně,5,2,3,1,Není využíváno,4,3,2,,5,2,1,2,Není využíváno,3,1,3,,Academic English,4,5,3,2,Není využíváno,2,1,1,,3,2,2,1,Dobře nastavené,5,2,2,,4,1,2,1,Není využíváno,1,1,2,,4,3,1,2,Dobře nastavené,1,1,1,,2,2,2,3,Dobře nastavené,3,1,1,
2/2/2026 12:10:53,1.M,V,Alespoň S,O jednu méně,4,2,1,1,5,3,3,4,Není využíváno,2,3,2,,3,2,Občas náhodně,3,3,4,3,Není využíváno,4,3,3,,3,5,5,4,Není využíváno,2,3,2,,Academic English,4,5,1,4,Není využíváno,2,1,2,,4,2,1,3,Dobře nastavené,3,3,3,,3,1,3,2,Není využíváno,1,3,2,,3,2,1,2,Dobře nastavené,2,1,1,,1,4,3,2,Dobře nastavené,3,4,2,
2/2/2026 12:12:03,1.M,V,Alespoň S,O jednu méně,4,4,1,3,5,2,5,3,Dobře nastavené,3,4,3,,3,3,Často,4,2,4,3,Dobře nastavené,3,1,2,,4,2,3,2,Není využíváno,3,2,1,,Academic English,5,4,3,3,Dobře nastavené,1,1,2,,3,2,3,1,Dobře nastavené,1,4,1,,3,1,4,2,Dobře nastavené,4,4,2,,3,2,1,1,Dobře nastavené,1,2,1,,3,1,1,1,Dobře nastavené,1,1,1,
2/2/2026 12:12:26,1.M,V,Alespoň S,O jednu méně,3,2,1,3,5,1,2,1,Dobře nastavené,2,1,1,Přál bych si více hodin SAKu.,1,3,Často,3,2,3,2,Dobře nastavené,3,3,1,,3,3,4,1,Dobře nastavené,1,2,1,,Academic English,4,2,1,1,Není využíváno,2,2,1,,4,2,1,2,Dobře nastavené,1,1,1,,4,2,2,2,Dobře nastavené,2,2,1,,4,1,1,1,Dobře nastavené,1,2,1,,3,1,1,1,Dobře nastavené,2,2,1,
2/2/2026 12:12:51,1.M,Alespoň S,Alespoň S,O jednu méně,3,2,3,3,5,4,3,3,Dobře nastavené,4,1,2,,2,1,Často,2,2,4,2,Dobře nastavené,3,1,2,,4,3,3,1,Není využíváno,1,1,3,,Academic English,5,3,3,1,Dobře nastavené,1,1,1,,4,4,2,1,Dobře nastavené,1,2,3,,4,3,4,2,Není využíváno,2,2,2,,3,3,1,1,Dobře nastavené,1,1,2,,2,3,2,2,Dobře nastavené,3,2,1,
2/2/2026 12:13:02,1.M,Alespoň S,Alespoň H,Všechny,3,2,1,3,3,3,3,3,Dobře nastavené,4,1,3,,2,3,Občas náhodně,3,2,2,2,Dobře nastavené,1,1,2,,3,1,1,2,Není využíváno,1,1,2,,Academic English,5,2,2,2,Dobře nastavené,2,1,2,,3,3,3,2,Dobře nastavené,2,2,2,,1,3,3,3,Není využíváno,2,3,3,,3,2,1,2,Dobře nastavené,1,1,2,,3,2,2,1,Dobře nastavené,1,1,1,
2/2/2026 12:13:02,1.M,Alespoň S,Alespoň H,O jednu méně,3,1,1,2,4,2,4,2,Dobře nastavené,4,2,3,,2,1,Často,4,2,4,2,Dobře nastavené,2,1,3,,4,1,3,1,Není využíváno,1,1,2,,Academic English,4,1,2,1,Není využíváno,1,2,2,,2,1,1,1,Dobře nastavené,2,3,2,,1,3,5,3,Není využíváno,2,1,3,,2,1,1,2,Dobře nastavené,1,2,2,,4,1,3,1,Dobře nastavené,2,2,2,
2/2/2026 12:13:20,1.M,V,Alespoň S,O jednu méně,3,1,1,2,5,2,2,2,Dobře nastavené,1,1,1,,3,2,Často,1,3,4,2,Není využíváno,4,1,3,,2,4,5,2,Není využíváno,1,1,2,,Academic English,4,4,5,2,Dobře nastavené,1,1,3,Jsem velmi vděčná za občasné individuální návrhy na zlepšení v některých oblastech.,5,1,3,2,Dobře nastavené,1,1,3,,4,2,3,2,Není využíváno,2,1,3,,3,4,3,2,Dobře nastavené,1,2,3,,2,3,3,2,Dobře nastavené,2,1,3,
2/2/2026 12:13:37,1.M,V,Alespoň S,O jednu méně,3,2,2,3,5,2,4,2,Dobře nastavené,3,3,2,"Ocenil bych větší aktivitu některých učitelů ve zpětné vazbě, připadá mi že mi někdy nebývá podána dostatečně. Např. literární esej.",2,2,Občas náhodně,3,2,3,3,Dobře nastavené,3,2,2,Nemám co doplnit.,3,3,4,2,Není využíváno,3,4,3,Ne.,Academic English,5,2,1,1,Není využíváno,1,1,2,Ne.,3,3,3,2,Dobře nastavené,2,1,3,Ne.,5,1,3,1,Není využíváno,1,3,2,Ne.,4,2,1,2,Dobře nastavené,1,2,2,Ne.,2,1,2,3,Není využíváno,5,4,2,Ne
2/2/2026 12:13:54,1.M,Alespoň S,Alespoň H,Všechny,3,2,1,3,5,3,4,4,Dobře nastavené,1,4,4,,4,1,Občas náhodně,1,3,4,4,Dobře nastavené,4,4,4,,4,3,4,4,Není využíváno,1,3,4,,Academic English,1,4,3,4,Není využíváno,2,3,4,,5,1,1,3,Dobře nastavené,1,1,1,,5,1,1,1,Není využíváno,2,3,2,,3,4,2,2,Dobře nastavené,1,2,2,,1,4,4,4,Nadužívané,5,5,5,
2/2/2026 12:14:25,1.M,V,Alespoň S,O jednu méně,3,2,2,3,4,2,4,3,Není využíváno,1,2,2,,2,2,Občas náhodně,3,2,3,3,Dobře nastavené,3,2,2,,4,3,4,3,Není využíváno,3,2,3,,Academic English,5,1,2,2,Dobře nastavené,1,1,2,,5,2,2,2,Dobře nastavené,3,2,2,,5,1,1,1,Není využíváno,1,1,2,,5,3,2,1,Dobře nastavené,2,1,1,,4,3,1,1,Dobře nastavené,3,2,2,
2/2/2026 12:14:43,1.M,V,Alespoň S,Všechny,2,2,1,3,5,2,4,2,Dobře nastavené,2,1,2,,1,3,Občas náhodně,5,3,4,3,Dobře nastavené,3,1,3,,5,3,2,1,Není využíváno,1,1,1,,Academic English,4,4,2,1,Dobře nastavené,2,1,1,,2,3,3,4,Nadužívané,4,4,3,,4,3,3,1,Dobře nastavené,1,1,1,,3,2,1,2,Nadužívané,2,2,2,,3,1,1,1,Dobře nastavené,1,3,2,
2/2/2026 12:15:53,1.M,V,Alespoň S,O dvě méně,3,2,1,2,4,3,5,3,Dobře nastavené,2,1,2,"Sak mě opravdu baví, myslím si, že mi to je i užitečné. Bohužel mám někdy pocit, že mi to zabírá hodně času a pak se nestíhám připravit na jiné hodiny. ",2,2,Často,4,3,4,3,Dobře nastavené,3,1,2,,4,3,2,1,Není využíváno,1,1,1,,Academic English,5,2,3,2,Dobře nastavené,1,1,2,,3,3,2,3,Dobře nastavené,3,2,3,,4,2,3,1,Dobře nastavené,1,1,2,,3,3,1,2,Dobře nastavené,1,1,2,,4,2,2,1,Dobře nastavené,3,2,2,
2/2/2026 12:15:57,1.M,V,Alespoň S,o jednu více ,3,2,1,3,4,2,5,4,Dobře nastavené,3,4,3,,4,2,Občas náhodně,4,5,4,3,Dobře nastavené,4,3,4,,5,4,4,2,Není využíváno,3,3,3,,Academic English,5,4,2,4,Není využíváno,3,3,2,,2,1,3,4,Dobře nastavené,5,4,3,,3,1,4,2,Dobře nastavené,4,3,4,,3,3,3,2,Dobře nastavené,2,2,2,,3,1,4,5,Špatně nastavené,4,4,2,
2/2/2026 12:18:23,1.M,V,V,Všechny,3,1,1,3,4,4,3,2,Dobře nastavené,1,1,2,SAK je skvěle zpracovaný a velmi mě baví.,1,3,Občas náhodně,5,2,3,2,Dobře nastavené,4,3,3,,5,2,2,1,Není využíváno,2,1,2,,General English,5,2,3,1,Dobře nastavené,1,1,1,,4,3,3,2,Dobře nastavené,1,2,2,,3,2,3,2,Není využíváno,3,3,2,,3,3,1,1,Dobře nastavené,1,1,1,,3,1,1,1,Dobře nastavené,4,1,1,
2/2/2026 12:19:27,1.M,těžko lze určit 'obvykle' neboť to má velké variace a kdybych to zprůměrovala tak vyjde S (úplný střed),Alespoň S,O jednu méně,5,2,1,2,3,3,5,5,Dobře nastavené,3,4,4,,2,2,Občas náhodně,4,5,4,3,Dobře nastavené,5,2,4,,5,3,4,3,Není využíváno,3,3,2,Matika je pro mě velmi důležitá ale nebaví mě (tato možnost tady nebyla),Academic English,5,4,1,3,Není využíváno,1,1,2,,3,2,3,1,Dobře nastavené,1,1,5,,2,3,3,1,Není využíváno,2,3,2,,4,3,1,1,Dobře nastavené,1,1,1,,2,3,4,5,Není využíváno,3,3,1,
2/2/2026 12:21:03,1.M,V,Alespoň S,O dvě méně,2,1,1,1,3,5,5,2,Dobře nastavené,2,1,2,"Občas se pohybujeme od tematu k tematu, že nevím co konkrétně je podstatné.",4,5,Občas náhodně,4,2,1,3,Špatně nastavené,5,1,2,"Předměty by se měli více promíchávat, také musí být pořád a ne fyzika pouze 1. pololetí.",5,3,1,4,Není využíváno,3,1,1,,General English,4,5,4,3,Špatně nastavené,4,3,3,,5,2,4,2,Dobře nastavené,1,1,3,,4,1,2,1,Není využíváno,3,3,1,,4,3,1,2,Dobře nastavené,1,1,2,,2,1,1,1,Dobře nastavené,3,3,1,
2/2/2026 12:23:36,1.M,V,Alespoň S,O jednu méně,3,2,1,3,5,3,4,3,Dobře nastavené,3,2,3,Rád bych dostával dřív hodnocení a zpětnou vazbu na literární eseje.,2,4,Občas náhodně,3,3,4,3,Špatně nastavené,5,2,3,Chtěl bych větší zpětnou vazbu. To co je momentálně se ani pořádně za zpětnou vazbu považovat nedá!,4,3,3,3,Není využíváno,3,2,4,Častěji si hlídkám a prostotu dávat vědět do classroomu když se ruší hodina.,Academic English,4,4,2,2,Špatně nastavené,4,3,2,,4,3,4,3,Dobře nastavené,2,2,2,,3,3,3,3,Špatně nastavené,3,2,2,,4,3,1,2,Dobře nastavené,2,2,5,,3,3,2,3,Špatně nastavené,3,4,3,
2/2/2026 12:26:38,1.M,Alespoň S,Alespoň S,O jednu méně,3,1,2,2,4,4,4,2,Dobře nastavené,1,3,4,,4,4,Občas náhodně,4,2,4,1,Dobře nastavené,3,2,2,,3,4,2,1,Není využíváno,2,3,4,,Academic English,4,4,2,2,Dobře nastavené,1,3,2,,3,3,2,2,Dobře nastavené,2,3,3,"Přijde mi, že polovina testované látky není probíraná v hodinách, přijde mi to trochu nefér.",3,3,3,2,Dobře nastavené,1,2,2,,3,2,1,1,Dobře nastavené,2,2,2,,2,2,2,1,Není využíváno,2,3,2,
2/5/2026 9:46:56,1.M,V,Alespoň H,O dvě méně,5,1,1,4,5,2,4,2,Není využíváno,2,2,2,,2,4,Občas náhodně,1,2,3,3,Dobře nastavené,5,3,3,"Hodnotím první pololetí- Renatu a Hálu, většina negativního hodnocení je mířena na hodiny fyziky. Biologie je fajn",1,4,4,1,Není využíváno,2,3,2,,Academic English,4,3,2,1,Není využíváno,1,2,3,,2,2,2,1,Špatně nastavené,5,5,3,,3,2,3,2,Není využíváno,3,2,2,,2,4,1,2,Špatně nastavené,5,3,1,Moc nechápu zpětné vazby od Olgy,4,1,1,2,Dobře nastavené,5,3,1,
2/9/2026 10:06:18,2.CH,V,Alespoň S,Žádnou,4,1,2,2,5,3,4,3,Dobře nastavené,4,2,3,,2,1,Často,4,2,3,2,Dobře nastavené,2,3,2,,1,2,5,1,Dobře nastavené,3,1,3,,General English,5,2,3,1,Dobře nastavené,2,3,1,,3,3,3,3,Dobře nastavené,3,3,3,,3,4,4,2,Dobře nastavené,4,3,2,,1,1,1,1,Není využíváno,5,5,5,,3,1,1,1,Dobře nastavené,3,3,3,
2/9/2026 10:06:49,2.CH,Alespoň S,V,"1 aktivněji než předtím, dvě spíš pasivně",3,1,2,4,5,3,4,4,Dobře nastavené,2,2,2,,2,1,Občas náhodně,2,3,5,2,Dobře nastavené,2,1,3,"I přes to, že PIV nebude pravděpobodně velká část mého života a nejsem tak motivovaná se to učit, tak stále cítím nějaký posun a díky učitelům mě dokáže PIV i někdy bavit",2,3,4,2,Dobře nastavené,3,3,5,"Přijde mi, že nemám úplně kontrolu nad tím, jakou budu mít známku",General English,4,3,2,2,Dobře nastavené,1,2,2,,4,3,3,2,Dobře nastavené,2,1,2,,4,4,4,2,Dobře nastavené,3,1,2,,4,2,2,1,Dobře nastavené,1,3,1,,4,2,2,1,Dobře nastavené,1,3,1,
2/9/2026 10:07:58,2.CH,V,Alespoň S,Všechny,3,2,2,4,5,3,4,3,Dobře nastavené,2,1,3,,2,1,Občas náhodně,4,3,4,2,Dobře nastavené,5,4,2,,4,3,5,3,Dobře nastavené,3,2,5,,General English,5,2,3,2,Dobře nastavené,1,1,2,,2,2,3,2,Dobře nastavené,2,3,5,,3,3,3,1,Dobře nastavené,2,3,2,,2,1,1,2,Dobře nastavené,4,2,2,,5,2,2,1,Dobře nastavené,1,2,2,
2/9/2026 10:09:29,2.CH,V,Alespoň H,O dvě méně,4,1,2,2,4,4,4,1,Dobře nastavené,2,1,2,ne!,3,1,Často,2,2,3,2,Nadužívané,2,1,2,ne!,5,1,1,1,Dobře nastavené,1,1,1,ne!,Academic English,4,2,3,3,Nadužívané,2,2,3,ne!,2,2,3,1,Dobře nastavené,1,2,2,ne!,3,3,4,2,Dobře nastavené,1,2,2,ne!,1,3,2,4,Špatně nastavené,2,3,2,ne!,4,4,3,4,Dobře nastavené,1,1,2,ne!
2/9/2026 10:12:15,2.CH,V,Alespoň S,O jednu méně,2,2,1,3,4,4,5,1,Dobře nastavené,2,2,2,,2,1,Občas náhodně,3,2,4,3,Dobře nastavené,1,1,2,,3,3,3,3,Není využíváno,2,1,1,,Academic English,3,4,3,1,Dobře nastavené,1,1,1,,2,1,2,1,Dobře nastavené,2,2,2,,4,3,3,1,Dobře nastavené,1,2,2,,2,1,1,1,Dobře nastavené,1,1,1,,2,1,1,1,Dobře nastavené,1,1,1,
2/9/2026 10:15:00,2.CH,V,Alespoň S,O jednu méně,2,2,3,2,4,1,5,2,Dobře nastavené,1,1,2,,2,1,Často,3,3,2,1,Dobře nastavené,2,2,2,,3,2,1,4,Špatně nastavené,1,5,2,,Academic English,5,4,3,2,Dobře nastavené,1,1,3,,4,2,3,1,Dobře nastavené,2,2,2,,5,3,3,2,Dobře nastavené,1,1,2,,2,2,3,2,Dobře nastavené,2,2,1,,3,2,1,1,Dobře nastavené,1,1,1,
2/9/2026 10:15:12,2.CH,Alespoň S,Alespoň S,O jednu méně,4,1,2,4,4,2,2,3,Není využíváno,3,2,3,,5,2,Občas náhodně,1,5,5,2,Špatně nastavené,5,3,3,"Chybí mi system nadšenec, realista, minimalista. Známky ABC dostávám za grafiku a ne aktivitu.",4,1,1,1,Dobře nastavené,1,1,2,,General English,4,2,3,1,Dobře nastavené,1,1,2,,2,3,2,2,Není využíváno,3,1,3,,3,2,3,2,Dobře nastavené,4,3,2,,3,1,1,1,Dobře nastavené,2,3,1,,2,1,1,1,Dobře nastavené,2,1,1,
2/9/2026 10:15:59,2.CH,V,Alespoň H,O dvě méně,5,2,3,3,4,1,3,3,Dobře nastavené,3,1,2,"jsou velké rozdíly v přístupu obou učitelů. u jednoho zpětná vazbě jasná, u druhého ne atd.",4,1,Pravidelně,3,3,3,1,Špatně nastavené,4,4,3,,1,5,4,3,Není využíváno,5,5,5,,Academic English,4,3,4,2,Není využíváno,3,2,4,,3,1,2,3,Špatně nastavené,3,1,2,,5,3,3,2,Není využíváno,1,2,2,,4,1,1,4,Dobře nastavené,2,2,1,,3,2,2,2,Dobře nastavené,1,2,2,
2/9/2026 10:16:38,2.CH,V,Alespoň S,O jednu méně,4,1,4,3,5,4,5,4,Dobře nastavené,2,2,2,,2,1,Často,3,3,5,2,Dobře nastavené,4,3,3,,3,3,5,3,Nadužívané,4,4,5,,Academic English,5,2,3,2,Dobře nastavené,3,1,2,,4,3,2,4,Špatně nastavené,4,3,2,,4,4,4,4,Dobře nastavené,1,2,2,,3,3,3,3,Dobře nastavené,1,2,2,,4,4,4,3,Dobře nastavené,1,2,2,
2/9/2026 10:17:13,2.CH,V,V,O dvě méně,3,2,2,2,5,3,4,3,Dobře nastavené,1,1,2,,3,1,Často,3,4,3,3,Dobře nastavené,3,2,2,,4,3,4,4,Dobře nastavené,1,1,2,,Academic English,5,3,3,3,Dobře nastavené,1,2,4,,3,1,2,1,Dobře nastavené,2,1,2,,4,2,3,2,Dobře nastavené,1,1,1,,2,1,1,1,Dobře nastavené,1,1,1,,4,2,1,1,Dobře nastavené,1,1,1,
2/9/2026 10:17:35,2.CH,Alespoň S,Alespoň H,"Víceméně všechny co byli uvedené, ale asi o pět až sedum méně z těch co jsem dřív dělala.",5,3,3,4,2,5,5,4,Dobře nastavené,4,2,1,Vždy o zkouškách dostanu nejlépe H ať se snažím jakkoliv a tudíž už neočekávám jakékoliv jiné hodnocení.,1,1,Často,5,1,2,2,Dobře nastavené,2,3,2,,3,3,4,2,Dobře nastavené,5,3,3,,General English,3,2,3,1,Dobře nastavené,2,1,2,,1,3,5,2,Nadužívané,5,3,2,,3,4,3,2,Není využíváno,4,3,3,,5,1,2,1,Dobře nastavené,1,1,1,,4,2,2,1,Dobře nastavené,1,2,1,
2/9/2026 10:18:36,2.CH,V,Alespoň S,O dvě méně,4,2,4,3,3,4,5,4,Dobře nastavené,2,2,2,,2,2,Občas náhodně,5,3,4,2,Dobře nastavené,4,4,2,"je něco jiného, že dostanu A z úkolu nebo pak A na vysvědčení - v PIVu to vnímají jako vyšší/nižší známka (VA je totální jednička, VB horší), nevypovídá to pak vůbec o snaze, i když mám 10x A

mám pocit, že nebyla moc komunikace mezi dvěmi složky PIVu (o známkách)(klasický a laborky, je to letos oddělené)(z laborek chemie jsme na bakalářích taky neměli známky)
",3,5,5,3,Špatně nastavené,4,5,2,,Academic English,4,4,4,3,Dobře nastavené,1,2,2,,2,2,2,3,Dobře nastavené,4,3,2,"myslím, že mám právo, aby mě nezajímal nějaký předmět, ale neměla bych za to být guilt trippovaná učitelem",4,3,3,4,Není využíváno,2,2,1,,2,2,1,4,Dobře nastavené,3,4,2,,3,3,1,5,Dobře nastavené,3,3,1,
2/9/2026 10:19:42,2.CH,Alespoň S,Alespoň H,O jednu méně,4,2,2,3,4,1,4,3,Dobře nastavené,3,1,3,,2,1,Pravidelně,3,2,4,3,Dobře nastavené,2,2,3,,2,4,5,4,Špatně nastavené,5,3,5,,Academic English,4,2,3,3,Není využíváno,2,1,3,,3,2,2,3,Dobře nastavené,4,3,4,,3,2,4,3,Dobře nastavené,4,3,2,,3,2,3,2,Dobře nastavené,3,3,2,,3,1,2,3,Dobře nastavené,2,3,1,
2/9/2026 10:19:45,2.CH,V,Alespoň S,O jednu méně,2,2,3,2,4,4,5,2,Dobře nastavené,1,1,2,,2,1,Často,4,2,3,1,Dobře nastavené,2,2,1,,3,1,1,3,Špatně nastavené,1,5,2,,Academic English,5,4,3,1,Dobře nastavené,1,1,3,,3,2,3,2,Dobře nastavené,2,1,1,,5,3,4,3,Dobře nastavené,2,1,2,,2,1,2,1,Dobře nastavené,2,1,1,,3,1,2,1,Dobře nastavené,1,2,1,
2/9/2026 10:20:20,2.CH,Alespoň H,Alespoň H,O dvě méně,4,4,4,5,3,3,3,2,Není využíváno,4,2,2,,5,2,Vůbec,1,3,4,4,Špatně nastavené,5,4,4,,4,5,5,2,Dobře nastavené,2,1,4,"Oceňuji velmi frontální výuku, jsem moc spokojen.",Academic English,5,1,2,3,Není využíváno,2,5,5,,5,2,2,2,Není využíváno,3,1,1,,4,3,2,4,Není využíváno,5,3,4,,1,1,1,1,Dobře nastavené,3,3,5,,3,2,2,2,Dobře nastavené,1,3,2,
2/9/2026 10:21:20,2.CH,V,Alespoň S,O dvě méně,3,2,3,3,5,2,4,4,Není využíváno,2,2,2,,4,2,Občas náhodně,3,2,3,3,Dobře nastavené,5,1,2,,2,4,4,4,Dobře nastavené,5,3,3,,Academic English,3,3,3,1,Dobře nastavené,1,1,2,,2,3,2,2,Není využíváno,1,3,3,,4,3,3,2,Není využíváno,2,1,2,,2,2,2,2,Dobře nastavené,2,2,2,,5,2,2,1,Dobře nastavené,1,1,1,
2/9/2026 10:24:22,2.CH,V,Alespoň S,O jednu méně,3,3,2,4,2,3,5,2,Dobře nastavené,1,2,2,,2,1,Často,4,1,2,1,Dobře nastavené,2,3,2,"Mrzí mě, že se kvůli nedostatku času často nestíhají témata brát více do hloubky/že se jede hodně po povrchu. Také tím, že není dostatek hodin, jsou některé předměty (chemie/fyzika) přeskočeny/odloženy a poté se musí témata, která by normálně byla na měsíc, vmáčknout do jednoho čtyřhodinového bloku.",4,3,2,1,Dobře nastavené,2,2,2,,Academic English,4,3,2,1,Nadužívané,1,2,2,,3,2,2,2,Dobře nastavené,2,1,2,,2,1,2,1,Dobře nastavené,2,2,2,,1,2,2,2,Dobře nastavené,1,2,1,,2,1,2,3,Dobře nastavené,2,2,2,
2/9/2026 10:32:37,2.CH,V,Alespoň H,Všechny,3,1,4,4,5,2,5,4,Dobře nastavené,1,1,2,,2,1,Pravidelně,2,3,2,2,Dobře nastavené,1,2,2,,1,4,3,2,Dobře nastavené,5,3,3,"Často, když učitelka chybí, máme zadanou práci a musíme se to doucit sami a mě to přijde hrozně těžké a nerealisticke. Taky casto úkoly místo hodin trvají mnohem déle než ty hodiny.",Academic English,4,2,1,1,Dobře nastavené,2,2,2,"Nikdy jsme si úplně nevysvětlil, jak fungují ty osobní výzvy ",3,1,2,3,Dobře nastavené,2,1,3,,4,3,3,2,Není využíváno,1,1,1,,3,2,2,2,Dobře nastavené,1,2,1,,4,2,1,1,Dobře nastavené,2,2,1,
2/9/2026 10:45:59,2.CH,Alespoň S,S a H - 50/50 ,O jednu méně,4,2,3,4,5,2,5,2,Není využíváno,2,1,2,"u zpětné vazby si myslím, že je dobře podaná, ale většinou u odborné zkoušky mi je vytknuta struktura, kvůli níž mám nižší známku a následně na hodině se řekne, že struktura nebyla hodnocena a pak tomu nerozumím. ",3,1,Často,1,3,4,2,Dobře nastavené,3,3,2,"Připadá mi, že hodnocení ABC je používáno spíše jako rozšíření známek VSHY, i když by se mělo jednat z mého pohledu jen a pouze o aktivitu (ABC) 
V testech v biologii mi připadá, že pro někoho, kdo PIV nemá jako prioritu je velmi těžké splnit stanovené minimum a projít tak, že bude plnit úkoly a dávat pozor na hodinách. ",1,4,4,2,Špatně nastavené,4,4,2,"v matematice zpětnou vazbu dáváme my (studenti), ale stejně mi připadá k ničemu. Vyučující si z ní nic nebere. 
často dostáváme náhodné hodnocení (Z/H/B) a potom je to nejen matoucí, ale také to různými způsoby mění známku. 
Také mi občas připadá nefér, když je hodnocení ABC používané podle toho, komu a jak jde matematika. Když někdo matematiku ovládá dobře, ale nic neodevzdává a v hodinách skoro nic nedělá a na vysvědčení dostane A jen proto, že z testů mívá třeba V, připadá mi to velmi nefér a velmi neprofesionální. Naopak někdo, kdo matematice věnuje hodiny času, vše odevzdává, ale matika mu tolik nejde - nevidím důvod proč jen kvůli tomu má mít třeba B.",Academic English,5,2,3,2,Dobře nastavené,1,1,1,"angličtina mi připadá velmi dobře nastavena, jen mám pocit v AE, že naučit se dohromady cca 140 slovíček je někdy velmi náročné. V ,,oddělení"" PIV je často neznám ani česky a s tím, že slovíčka příbívají do středy před zkouškovým, kdy je toho ze všech předmětů nejvíce, je pro mě nereálné znát jejich překlad a umět je v aj vysvětlit - což je prakticky AE test. ",3,1,2,1,Dobře nastavené,2,1,1,"moc mě nebaví, ale vím, že by mohla, kdyby se vyučovala jiným systémem. ",5,2,3,1,Dobře nastavené,1,1,2,"hrozně mě mrzí, že když mám třeba 87% tak je to S i když to je fakt pidi rozdíl (chybka), ale chápu, že se to tak prostě počítá. ",2,2,1,1,Dobře nastavené,1,2,1,"připadá mi, že tento předmět mi nic nedává - maximálně jenom občas stres. zabýváme se často něčím, co me stresuje, co jsem udělala špatně a to není moc přínosné ",2,2,1,1,Dobře nastavené,2,2,1,asi bych ocenila vlastní tvorbu jako máme ted na dalsí dvě zkouškové více. úkoly od učitelek mi nic nedávají a spíše mi braly čas od mých - pro mě více užitecných záležitostí 
2/9/2026 10:49:35,2.CH,V,Alespoň H,O jednu méně,3,1,3,3,5,1,5,2,Dobře nastavené,1,1,1,"Sama se ve zkouškovém rozhodnu, kolik úsilí do přípravy na zkouškové chci dát - většinou je to hodně, ale mně to nevadí, bcs jsem si to vybrala sama.",2,1,Často,1,2,3,1,Dobře nastavené,2,4,2,"Hodnocení abc funguje spíš jako doplnění a rozšíření škály vshy, než jako hodnocení aktivity.",1,4,5,1,Dobře nastavené,3,5,2,Mrzí mě že naše podněty ve zpětné vazbě paní učitelce často nejsou brány v potaz. Na hodinách je občas nepříjemná atmosféra pro dělání chyb (a tedy pro další posun).,General English,5,3,2,1,Dobře nastavené,1,1,1,"Jsem ráda, že na hodinách angličtiny je příjemná atmosféra a nikdy se tam nebojím mluvit. :)",3,3,1,2,Není využíváno,1,1,1,,5,3,2,1,Dobře nastavené,1,1,2,"Jsem fakt ráda, že jsou ty hodiny teďka interaktivní a zajímavé!",4,1,3,1,Dobře nastavené,3,3,2,"V prváku jsem měla pocit, že mi toho OSV hodně přináší. S politováním musím říct, že teď už takový pocit nemám. Je to pro mě spíš spouštěč vzpomínek na negativní věci co se mi staly. Taky bych se chtěla vyjádřit ke kolečku ze židlí: myslím, že má navozovat falešný pocit důvěry který upřímně moc nefunguje. Efektivnější by dle mého názoru bylo nechat nás sedět v našem ""Safe Space"" na který jsme zvyklí a rozvíjet reálnou důvěru.",4,3,3,2,Dobře nastavené,1,1,1,Jsem hodně ráda za volnost v 2. pololetí!
2/9/2026 10:51:33,2.CH,V,Alespoň S,O jednu méně,2,2,3,2,5,1,5,4,Není využíváno,2,1,3,"U četby jsem dala 2, protože čtu hodně, ale upřímně mě zas tolik nezatěžuje. Čtu totiž cestou do školy, takze alespoň využívám čas co bych byla normálně na telefonu.
Zároveň mě i příprava na zkoušky zahlcuje hodně, ale jsem spokojená. SAK mě baví, chci ho dělat, takže si i vybírám práci navíc.",4,2,Často,2,2,3,5,Dobře nastavené,2,5,4,"Myslím si, že tandem v PIVu funguje, v tom že tam jsou dva a občas se doplňují. Nefunguje ale v tom, že se skoro vůbec nepropojuje fyzika a biologie (o chemii nemluvím, ta je úplně mimo)
Nelíbí se mi taky, že hodnocení ABC neberou na vysvědčení jako hodnocení aktivity, ale jako rozšíření VSHY.",2,4,3,2,Špatně nastavené,1,4,4,"Zpětnou vazbu z matematiky nedostáváme. Jenom ji dáváme, i když většinou nemáme co hodnotit, protože bude odpověď často stejná (např. co jsme se naučili za toto TO vždy jen zkopíruju ze sylabu) Máme velké postihy, když ji neodevzdáme, ale I když ji odevzdáme, tak se nikdy nic nezmění. ",Academic English,4,3,3,1,Dobře nastavené,1,1,2,"Na angličtině se mi hodně líbí přesná organizace, kdy vždy víme co nás čeká a co děláme. ",2,2,1,1,Dobře nastavené,1,1,1,"Nelíbí se mi, když mě učitelka obviní z psaní práce s AI. Chápu, že může mít podezření, ale nelíbí se mi, když mě hned obviní a ani se me nezeptá.",3,3,3,1,Dobře nastavené,2,1,2,,4,2,1,1,Dobře nastavené,1,1,1,"Nemám čas psát zpětnou vazbu, ale souhlasím s tím co psala Eli.",2,2,2,1,Dobře nastavené,1,1,1,Líbí se mi samostatná práce a chtěla bych to častěji.
2/9/2026 10:54:03,2.CH,"Většinou asi V. Ale samozřejmě záleží. Někdy se připravím více, jindy méně, hraje v tom roli mnoho faktorů. Ve druháku mám pocit, že to, co zvládnu u zkoušky opravdu odpovídá mé přípravě.",Alespoň S,O jednu méně,3,2,4,3,5,1,5,2,Není využíváno,2,1,2,"Délka bloku mi vyhovuje když se věnujeme historické části, u uměleckých bloků je to pro mě náročné, co se týče udržení pozornosti, ale to je o osobní preferenci určitě. 
Příprava na zkoušky mi bere hodně času, ale vzhledem k tomu, že je to můj oblíbený předmět tak mi to nevadí. 
Zpětná vazba mi moc nevyhovuje u koolokvií. Mám pocit, že nevím, jak mám přednes zlepšit, abych měla lepší známku.",3,4,Občas náhodně,2,2,3,2,Dobře nastavené,3,5,2,"Připadá mi, že tandem v PIVu není moc tandem. Jen tam místo jednoho učitele jsou dva. Blok je ale celkově rozdělený na jednotlivé předměty, takže to je nejspíš způsobené tím. Jinak učitelé vypadají že spolu vychází dobře, jen vidím jako problematické oddělení jednotlivých předmětů. 
Mám pocit, že zpětnou vazbu v PIVu vesměs nedostáváme. 
Využití písmen ABC zde podle mě trochu postrádá smysl, ale možná jsem na omylu já. Chápu to tak, že jde o aktivitu, tudíž když má člověk 4 áčka a je v hodinách aktivní, měl by dostat A. Tady ale učitelé písmena ABC využívají, jako jakési snížení známky, když studentovi třeba jeden předmět moc nejde (celkově má například 5x A, 3x S a samá áčka, ale na vysvědčení dostane VB, kvůli tomu, že měl ty 3S).",2,5,4,1,Špatně nastavené,3,4,5,"Nechápu hodnocení úkolů. Jak je možné, že jeden identický úkol dostaneme ohodnocený na třech různých škálách? Konkrétně známky ZHB.
V matematice zpětnou vazbu nedostáváme, jen ji poskytujeme. Ta podle mě moc nepadá na úrodnou půdu. V druháku, už na to asi většina lidí zanevřela, jelikož v prváku byla reakce učitelky většinou dvacetiminutové vysvětlování a obhajování toho, proč jsou věci, které kritizujeme nastavené tak, jak nám nevyhovují. Problém vidím i ve zpětné vazbě co odevzdáváme po jednotlivých TO. Otázky jsou neměnné a nedá se tam vymyslet nic moc nového. Je to copypaste ze sylabu (vždy otázky ""co jsem se naučila, na čem potřebuji pracovat a dobrovolný vzkaz učitelům"").",Academic English,4,2,2,1,Dobře nastavené,1,2,2,,4,1,2,1,Není využíváno,2,1,2,,5,3,2,2,Není využíváno,5,3,2,Zpětnou vazbu nedostáváme.,2,2,1,2,Není využíváno,2,3,2,"V prváku pro mě OSV bylo důležité, jelikož jsem měla pocit že mi dává do života něco užitečného, teď ten pocit nemám a není pro mě proto důležité. Tohle chci ještě nadále rozvést.
V prváku jsme brali time manegement, stresory, nastavení osobního cíle atp. Opravdu si myslím, že mi to hodně pomohlo s tím, naučit se na zatlance fungovat, vzhledem k tomu jak pro mě byla na začátku náročná. Celý druhák ale funguje spíš jako ""vzpomeňte si na něco špatného z minulosti a teď si zkusíte jakými způsoby se to dá řešit"" což u mě vede jen k tomu, že z hodin odcházím ve špatném rozpoložení i přesto, že při příchodu jsem byla zcela v pohodě. Co se týče kolečka z židlí tak souhlásím s tím, co napsala Eliška Malíková. ",2,1,2,2,Dobře nastavené,2,2,1,Nastavení osobního cíle mi vyhovuje. Na první pololetí mám stejný názor jako jsem uvedla u OSV. 
2/9/2026 12:25:21,2.CH,V,Alespoň H,O dvě méně,4,5,4,4,1,2,4,2,Není využíváno,1,1,3,,4,2,Vůbec,1,2,3,2,Dobře nastavené,4,3,3,,4,3,2,1,Dobře nastavené,1,1,2,,Academic English,2,3,2,1,Dobře nastavené,2,1,2,,4,1,1,1,Není využíváno,2,3,1,"Myslím si, že by se měl dávat větší důraz na nauku pravopisu, syntaxe a jiných gramatických jevů. Bez toho totiž někteří studenti mají tendenci fixlovat v testovacích formulářích, což silně zkresluje celkové výsledky a dojem, jak naší třídě čeština jde. K samotným testovacím formulářům — ocenil bych, podobaly-li by se více těm zkušebním, protože například u mediální výchovy se oba formuláře značně lišily. Zkušební formuláře vzácně, ale přeci obsahují nesprávné informace (např. neuznání možnosti “virusu” — sice je stylisticky nižší, ale stále přijatelná) či obsahují něco, co se tématu vůbec netýká (vizte formulář o pravopisu slov přejatých, v němž se vyskytl jev specifického skloňování českých slov vzoru hrad a 6. pádu jejich množného čísla, tedy např. o plechách). V neposlední řadě bych ocenil trochu větší kreativitu ve vybírání zdrojů a následně vytvořených materiálech (na gramatická témata)… Souhlasím, že IJP je nejlepší a nejaktuálnější zdroj, který lze použít, ovšem mít hodinu postavenou na tom, že každý si přečte část dané stránky na IJP, mi nepřijde úplně vhodné. 

Přese všechno výše uvedené musím ocenit Markétinu důslednou zpětnou vazbu, z níž jsem si schopen hodně vzít do dalších svých prací. ",1,3,3,2,Není využíváno,4,2,3,,5,2,2,1,Dobře nastavené,3,1,1,,2,2,2,2,Dobře nastavené,2,2,2,
2/11/2026 7:21:28,2.CH,V,Alespoň S,O dvě méně,5,3,1,4,5,4,5,3,Dobře nastavené,2,1,5,,2,1,Často,3,2,3,2,Dobře nastavené,1,1,2,/,1,4,5,2,Špatně nastavené,2,2,2,,General English,5,3,3,3,Dobře nastavené,1,1,2,,3,3,2,3,Dobře nastavené,2,1,3,,4,3,3,1,Není využíváno,1,1,1,,3,2,2,4,Dobře nastavené,3,3,1,,3,2,2,2,Dobře nastavené,1,1,1,
2/11/2026 12:04:01,3.D,V,Alespoň S,Žádnou,3,3,3,5,2,2,3,2,Dobře nastavené,4,3,4,,2,2,Občas náhodně,4,2,4,2,Dobře nastavené,1,1,1,,3,2,4,1,Není využíváno,2,1,1,,Academic English,3,5,2,3,Dobře nastavené,3,3,2,,4,4,3,2,Dobře nastavené,3,3,3,,5,2,2,1,Dobře nastavené,1,1,1,,5,4,1,4,Dobře nastavené,3,2,2,,2,2,2,2,Není využíváno,2,2,2,
2/11/2026 12:04:28,3.D,Alespoň S,Alespoň H,O dvě méně,5,4,4,4,1,3,3,4,Nadužívané,4,2,2,,2,2,Občas náhodně,4,4,4,3,Není využíváno,3,1,2,,5,2,4,2,Není využíváno,2,1,1,,General English,5,4,1,2,Dobře nastavené,3,2,1,,1,5,4,4,Dobře nastavené,4,3,4,,4,3,3,2,Dobře nastavené,1,1,2,,2,2,2,3,Dobře nastavené,1,2,1,,1,2,2,2,Není využíváno,1,3,1,
2/11/2026 12:05:02,3.D,V,Alespoň S,O dvě méně,4,1,5,2,4,1,2,2,Špatně nastavené,4,2,1,,1,1,Občas náhodně,5,1,1,1,Dobře nastavené,1,1,1,,4,2,4,2,Není využíváno,1,1,2,,Academic English,5,3,2,1,Dobře nastavené,1,1,1,,2,4,4,4,Dobře nastavené,1,1,3,,4,1,1,1,Není využíváno,2,1,1,,2,2,2,1,Dobře nastavené,1,1,1,,2,1,1,1,Není využíváno,1,1,1,
2/11/2026 12:07:53,3.D,V,Alespoň S,O dvě méně,4,1,4,4,3,2,4,5,Dobře nastavené,5,2,4,,2,1,Občas náhodně,2,2,4,3,Dobře nastavené,2,2,2,,3,3,4,2,Není využíváno,2,2,5,,Academic English,4,4,3,2,Dobře nastavené,2,2,2,,3,2,3,3,Dobře nastavené,2,2,2,,2,4,4,2,Není využíváno,2,2,2,,1,1,1,1,Dobře nastavené,1,1,2,,2,1,1,1,Není využíváno,1,1,1,
2/11/2026 12:11:51,3.D,V,Alespoň H,O dvě méně,4,2,4,3,4,3,4,2,Nadužívané,3,2,3,"Toto pololetí jsem nechápal hodnocení, dostal jsem N i když jsem měl projít - bylo to z pravidla, které nebylo nikde napsáno, i tak jsem byl nucen si to opravit",2,1,Občas náhodně,3,4,4,2,Dobře nastavené,2,2,1,"Piv v prvním pololetí měl nejlepší tandem, která jsem zatím zažil",4,2,4,2,Není využíváno,1,1,1,,Academic English,4,5,2,1,Nadužívané,2,4,1,,1,5,3,4,Není využíváno,3,3,2,,3,4,5,2,Není využíváno,1,1,3,,2,3,3,1,Dobře nastavené,2,2,1,,4,2,2,1,Dobře nastavené,2,2,1,Doplňoval jsem za druhý ročník
2/11/2026 12:11:59,3.D,V,Alespoň H,O dvě méně,5,1,2,4,2,2,3,2,Není využíváno,4,2,4,,3,2,Občas náhodně,4,2,4,3,Dobře nastavené,3,3,3,"Přijde mi, že výuka chemie (a do jisté míry i fyziky) je nedostatečná a velmi nevyvážená oproti biologii. Troufám si říci, že chybí jistá míra možnosti se profilovat na jeden z předmětů v průběhu studia předmětu (např. volba váhy známky), tzn. ano, mít všechny předměty, ale v rámci hodnocení si sám zvolit jestli chci v konečné známce přiložit větší váhu biologii, či fyzice... Je totiž docela mordor učit se všechno na V... Konkrétně mě to nejde, ačkoliv mě PIV zajímá, je to pro mě profilový předmět a chci studovat přírodovědný obor. Také mi přijde, že většinou nejsou moc jasné požadavky pro hodnocení na určitou známku (kolik bodů musím dosáhnout na V, S...).",5,4,5,2,Není využíváno,2,1,1,,General English,2,5,2,2,Nadužívané,3,2,2,"Angličtina je z hlediska domácích úkolů mnohdy přirovnatelná k cestě do Mordoru, tzn. je toho fakt hodně.",3,3,3,3,Dobře nastavené,5,3,3,,3,2,2,2,Dobře nastavené,2,2,2,,1,2,1,2,Dobře nastavené,3,2,2,,2,1,2,2,Dobře nastavené,2,2,2,"TVO letos nemám, hodnotím stav ve 2. ročníku"
2/11/2026 12:12:20,3.D,V,V,O dvě méně,3,1,2,3,5,2,4,2,Dobře nastavené,2,1,2,,2,1,Občas náhodně,3,2,4,2,Není využíváno,2,2,2,,4,1,2,2,Není využíváno,2,3,2,,Academic English,4,3,3,2,Dobře nastavené,2,1,2,,4,5,4,3,Dobře nastavené,4,1,3,požadavky neodpovídají časové dotaci předmětu (trávíme extrémní množství času prací doma) ,4,2,2,2,Není využíváno,2,2,2,,2,3,3,2,Dobře nastavené,1,2,2,,3,3,2,2,Dobře nastavené,2,2,2," nemáme tvorbu, chybí kolonka na LU"
2/11/2026 12:13:34,3.D,V,Alespoň S,O dvě méně,5,3,2,2,5,2,3,2,Dobře nastavené,3,2,1,"přišlo mi, že tento školní rok je zátěž podstatně menší, než v minulých dvou letech. To období  bych ohodnotila jako “mordor”",4,2,Občas náhodně,4,2,4,2,Dobře nastavené,3,2,2,"U PIVu mám opravdu problém soustředit se čtyři hodiny, protože v porovnání s ostatními předměty jsou tyto hodiny vyčerpávající, protože jsou často hodně zahlcující ",1,3,4,1,Dobře nastavené,3,3,2,,General English,4,4,2,1,Dobře nastavené,1,2,2,,3,5,5,5,Dobře nastavené,1,1,2,"Vzhledem k tomu, že na češtinu jsou během týdne vyhrazeny pouze dvě hodiny, zátěž je opravdu extrémní ",4,1,3,1,Není využíváno,2,3,3,,3,3,1,1,Dobře nastavené,1,2,1,,1,3,3,1,Dobře nastavené,1,2,2,tyto odpovědi jsou relevantní jen pro první a druhý ročník. ve třeťáku tvorbu nemáme
2/11/2026 12:16:41,3.D,"Jsem rád za V, nevadí mi S. Přemýšlím nad tím spíš tak, že do toho dávám svou energii, abych tomu porozuměl a chápal to. Známky jsou druhořadý faktor. ","Nejsem naštvaný za H, ale smažím se z těchto předmětů mít S",O jednu méně,2,1,1,4,3,2,3,2,Dobře nastavené,1,1,2,,3,1,Občas náhodně,2,3,4,2,Dobře nastavené,1,1,2,,5,1,3,1,Není využíváno,1,3,1,"Systém plusíků je celkem random, ale v zásadě ho chápu. Hodně se mi líbí Suchyho systém kapitánů, poručíků a ostatním - umožňuje nám si vysvětlovat učivo navzájem, hodně z toho benefitujeme",Academic English,2,5,2,2,Dobře nastavené,4,1,2,"Mám pocit, že zpětná vazba v tomto předmětu je mnohdy velmi obecná, popisná, nekonkrétní. Moc si z ní neberu, protože necíilí na konkrétní chyby. Třeba v maturitě nanečisto mi to moc srozumitelné nebylo. Chyběly konkrétní příklady chyb",1,5,2,4,Není využíváno,2,1,1,"Nároky na nás v tomto předmětu jsou opravdu vysoké. Předmět vyžaduje hodně domácí práce, přestože časová dotace je 2-3 hodiny týdně, tak mám pocit, že práce je často i více než třeba v saku",3,1,3,2,Není využíváno,1,3,2,"Systém ABC je dle mého názoru nesrozumitelný a náhodný. Na vysvědčení jsem dostal B, ale vlastně nevím proč. Chápu, že v hodinách mám být aktivní atp. ale nějaká konkrétní kritéria neznám. Úkoly nedostáváme a nějaké pdomínky nejsou",2,1,1,1,Dobře nastavené,2,1,1,,2,1,1,1,Dobře nastavené,1,1,1,
2/11/2026 12:20:13,3.D,V,Alespoň S,O dvě méně,4,2,3,3,2,1,4,3,Dobře nastavené,1,2,2,"Je třeba rozlišit sak a lu, toto je vyplněno čistě za sak, ale lu by vypadalo dost jinak, v dotazníku není ani spr, které je též samostatný předmět ",1,1,Často,5,2,3,1,Dobře nastavené,2,1,1,,5,1,2,1,Není využíváno,1,2,2,,Academic English,4,4,3,2,Není využíváno,1,1,2,,3,5,3,3,Dobře nastavené,3,1,3,"Zv je srozumitelná, ale někdy nesouhlasí s hodnocením",4,1,3,2,Není využíváno,1,2,3,,2,2,1,1,Dobře nastavené,1,2,2,,4,1,1,1,Není využíváno,1,1,1,"Nemám tvorbu, vzhledem k tomu, že otázky jsou povinné, je vyplněn zpětně za prvák a druhák"
2/11/2026 12:21:35,3.D,V,Alespoň S,O dvě méně,3,2,2,3,5,3,4,2,Dobře nastavené,4,1,2,"Prislo mi fakt hodne mit dvě zkoušky za tematické, chápu ze bylo složené, ale byko by pro mne lepší kdyby se rozdělily mezi tematickými.
",2,1,Občas náhodně,3,3,5,3,Dobře nastavené,1,1,2,,4,2,4,2,Není využíváno,1,1,2,,Academic English,5,5,2,2,Dobře nastavené,2,1,3,Ocenila bych mene povinné práce na doma,2,5,5,2,Dobře nastavené,4,2,4,"Hodně mi vadí proces psaní odborného článku, celou práci odvadim doma a zabírá mi to opravdu hodně času. Na hodinách dostáváme teoretické know-how, které mi casto nestačí. Vadí mi když jsem oscovana z použití ai bez pravdivosti.",4,1,2,1,Dobře nastavené,1,1,2,,1,3,1,1,Dobře nastavené,3,1,2,,4,1,3,3,Dobře nastavené,1,1,2,Tento předmět tento rok nemam 
2/11/2026 12:23:32,3.D,V,V,O jednu méně,4,1,3,4,4,2,3,2,Dobře nastavené,3,2,3,tato zpětná vazba nezahrnuje LÚ,2,1,Občas náhodně,3,2,4,2,Dobře nastavené,3,2,3,,3,2,4,2,Není využíváno,3,2,2,,Academic English,4,3,3,3,Dobře nastavené,2,1,2,obligatory tasky mi občas příjdou zbytečné,3,5,3,4,Dobře nastavené,4,1,2,požadavky neodpovídají časové dotaci ,4,2,3,1,Dobře nastavené,1,3,2,,3,2,2,2,Dobře nastavené,3,2,2,,2,1,1,2,Dobře nastavené,2,1,1,
2/11/2026 12:26:26,3.D,V,Alespoň S,o jednu méně ale pocituji u druhé aktivity o 80% menší intenzitu účasti,4,1,3,4,5,4,4,4,Dobře nastavené,1,4,4,,4,1,Občas náhodně,2,1,3,1,Dobře nastavené,1,1,2,,3,2,4,2,Není využíváno,1,2,3,"Suchánek se snaží uspokojit všechny studenty od lidí kterým to jde a potřebují práci navíc až po ty, kteří se snaží jen projít. ",Academic English,5,5,3,4,Špatně nastavené,3,1,2,"nevyhovuje mi systém deadlinů na úkoly, normálně bych je dal všechny do začátku nebo konce ZO a nechal zodpovědnost s průběžným opakováním na studentech, ALT je od toho aby si studenti dělali time management sami",5,2,4,5,Dobře nastavené,4,1,5,Tento rok vnímám v ČJK extrémní zátěž ve výstupech na doma a ani hodnocení neodpovídá času a úsilí které jsem tomu věnoval.,5,4,4,1,Není využíváno,1,5,2,,2,5,2,4,Dobře nastavené,4,2,2,"Přijde mi, že se nepočítá s tím, že studentovi je silně nekomfortní sdílet citlivá témata před spolužáky a učiteli, zpětná vazba bývá necitlivá .",1,1,1,1,Špatně nastavené,1,1,1,NEMÁM TVORBU
2/11/2026 12:27:27,3.D,V,Alespoň H,O jednu méně,3,1,2,4,4,1,4,1,Dobře nastavené,1,1,1,"při hodnocení jsem přemýšlela v kontextu jen SAKu, tedy nepočítám do hodnocení LU",1,1,Občas náhodně,3,1,4,2,Dobře nastavené,1,1,1,"vnímám rozdíl ve fungování tandemu mezi pololetími; zatímco tandem Nela + Marek bych ohodnotila na 1 jako perfektní, tandem Nela + Vojta má podle mého názoru prostor pro zlepšení.",1,3,5,1,Není využíváno,5,2,3,,Academic English,5,3,3,1,Dobře nastavené,1,1,2,,2,5,1,3,Dobře nastavené,4,3,2,,4,3,3,1,Není využíváno,1,1,2,,3,1,1,1,Není využíváno,1,2,1,,4,1,2,1,Není využíváno,1,1,1,
2/11/2026 12:27:43,3.D,V,Alespoň H,O dvě méně,3,2,2,3,5,2,4,1,Dobře nastavené,4,3,2,"Jak velkou zatez pro me znamena cetba? - otazka mi nedava smysl, tyka se to cetby na doma? jak moc je pro me dulezita? ; u otazky na zpetnou vazbu - ne ze bych nerozumel zpetne vazbe, obcas mi ale pride trochu mimo nebo proste neprinosna pro budouci studium, nevim co a jak bych mel realne konkrteneji zmenit, mozna nejaka doporuceni?",2,1,Pravidelně,3,2,3,1,Dobře nastavené,2,2,2,,3,4,4,3,Dobře nastavené,1,1,4,,Academic English,4,3,1,2,Dobře nastavené,1,1,2,"prijde mi, ze je obcas moc prace z aj na doma i presto, ze neodpovida prace nasi (moji) urovni - casto me domaci prace nic nenauci, delam to jen z povinnosti",5,4,3,2,Dobře nastavené,1,1,3,,2,2,4,2,Dobře nastavené,1,2,2,,1,1,1,1,Dobře nastavené,3,4,2,komentoval jsem podle osv z prvniho a druheho roku,3,1,1,1,Dobře nastavené,2,2,2,
2/11/2026 12:28:27,3.D,V,V,O jednu méně,3,1,3,3,5,2,4,3,Dobře nastavené,5,3,2,,1,1,Občas náhodně,3,3,2,2,Dobře nastavené,5,1,2,,3,2,2,2,Není využíváno,5,2,3,,Academic English,4,3,2,2,Dobře nastavené,3,2,3,,2,4,4,4,Dobře nastavené,5,1,3,,4,1,2,2,Není využíváno,1,2,2,,2,2,2,4,Dobře nastavené,2,3,1,,4,5,5,2,Dobře nastavené,5,3,2,Hodnotím předmět LU
2/11/2026 12:29:25,3.D,V,Alespoň S,O jednu méně,4,1,3,4,5,3,3,4,Dobře nastavené,3,2,2,"Hodnocení se týká předmětu SAK, hodnocení předmětu LU je uvedeno v tvorbě.
Často se mi stává, že hodina nejde tolik do hloubky a já pak musím strávit hodně času nad tématem doma.",2,1,Občas náhodně,2,3,3,2,Dobře nastavené,2,3,2,,4,2,3,2,Není využíváno,2,2,2,,Academic English,4,4,2,2,Dobře nastavené,2,1,3,,4,4,2,4,Dobře nastavené,2,1,2,,5,2,3,1,Není využíváno,1,2,2,,5,2,2,2,Dobře nastavené,1,2,1,Hodnocení OSV jsem vázal k předmětu Svět práce (1. pololetí 3. ročníku).,3,4,4,2,Dobře nastavené,1,2,2,"Předmět tvorba nemám, hodnocení jsem vztahoval k předmětu Literatura a umění."
2/11/2026 12:33:57,3.D,V,"V/S - Myslím, že skoro všechny předměty jsou pro mě v různé míře důležité","O jednu méně, u druhé výrazné omezení",3,1,4,4,5,2,3,1,Dobře nastavené,3,2,1,"Nerozumím, jestli je zahrnuto LU (předpokládám, že ne). Nerozumím otázce s četbou (předpokládám, že se týká povinné četby na SAK), zátěž se mi zdá konzistentní, ale nízká",1,2,Pravidelně,4,2,3,3,Dobře nastavené,5,3,2,"Hodnocení ABC nedokáži předvídat, ale spíš proto, že se o to nesnažím. Zpětná vazba kromě výsledků testu není",4,2,2,1,Dobře nastavené,1,1,2,"Kritéria jsou jasná, ale myslím, že zpětná vazba kromě výsledků testu moc není",Academic English,4,4,3,2,Dobře nastavené,1,1,2,,4,4,2,4,Dobře nastavené,5,1,3,Potřeboval bych více zpětné vazby,5,3,2,2,Dobře nastavené,2,2,1,,3,1,1,1,Dobře nastavené,1,1,1,V prvním pololetí jsme neměli OSV,3,1,1,1,Dobře nastavené,1,1,1,Tvorbu jsme neměli
2/11/2026 12:34:38,3.D,V,Alespoň S,O dvě méně,2,1,3,5,5,1,3,2,Dobře nastavené,3,3,2,"Odpovídal jsem za předpokladu, že do otázek na Sak nebylo zahrnuto LU. U otázky s knihou jsem počítal s četbou, která je povinná",1,1,Často,4,1,3,1,Dobře nastavené,5,1,2,,4,1,2,4,Dobře nastavené,2,1,3,odchylka odhadu hodnocení je přímo úměrná počtu numerických chyb v testu :),Academic English,5,3,3,1,Dobře nastavené,1,1,2,,3,4,2,4,Dobře nastavené,3,1,3,,4,2,3,1,Dobře nastavené,1,1,3,,1,1,1,1,Dobře nastavené,1,1,1,"Nemáme OSV, takže naklikaná data jsou čistě náhodná",1,1,1,1,Není využíváno,1,1,1,"Nemáme předmět tvorba, z toho důvodu jsou zadaná data čistě náhodná"
2/11/2026 12:35:37,3.D,V,Většinou S ale někdy jen H,O jednu méně,4,3,4,4,5,3,3,4,Dobře nastavené,3,2,3,Komentovala jsem jen SAK ne LU,2,1,Občas náhodně,2,1,3,2,Dobře nastavené,5,2,2,,2,3,3,2,Není využíváno,5,1,4,,Academic English,5,4,1,2,Dobře nastavené,4,1,2,ZV od AI mi nepřijde přínosná,4,5,5,4,Není využíváno,5,2,4,"ZV v průběhu konzultací ohledně psaní odborného článku byla nedostatečná, nebylo nám jasně řečeno, co zlepšit. Zároveň na nás byly kladeny (v poměru ke ZV a podpoře ze strany vyučujícího) příliš velké nároky",4,3,3,1,Není využíváno,1,3,2,,2,3,2,2,Dobře nastavené,2,2,2,"Mám pocit, že v předmětu je na mě tlačeno ke sdílení osobních informací vyučujícím a spolužákům, což mi často není komfortní a nevytváří to pro mě prostor pro vnitřní rozvoj.",1,1,1,1,Není využíváno,1,1,1,"Tvorbu již nemáme jako předmět, vyplnila jsem všude 1 jen abych mohla odeslat formulář."
2/11/2026 12:35:58,3.D,V,V,O dvě méně,3,2,3,3,4,3,4,3,Není využíváno,3,4,3,,3,1,Pravidelně,4,1,4,2,Dobře nastavené,2,3,2,,4,4,3,2,Není využíváno,4,3,2,,Academic English,5,3,3,2,Dobře nastavené,2,1,1,,3,5,4,3,Špatně nastavené,5,2,2,,5,1,3,1,Není využíváno,1,1,2,,4,2,2,1,Dobře nastavené,1,1,1,"Hodnoceno jako SPr, první pololetí.",2,4,5,2,Dobře nastavené,4,5,2,Hodnoceno jako LU.
2/11/2026 12:36:52,3.D,"V nějakých předmětech, který mě zajímají a rozvíjí tak vím, že nejsem schopný dosáhnout V proto se radši zaměřím na to abych odvedl kvalitní práci na S, protože mi to příjde lepší něž odvést horší práci na V kvůli tomu, že se pokouší mít nějakou obšírnou šířku a rozhled (který je dle mého názoru zapotřebí na to aby dostal V)",Alespoň S,Všechny,3,4,4,4,4,2,3,4,Špatně nastavené,2,3,2,"Chtěl bych se vyjádřit k tomu jak je nastavené hodnocení ABC - podle mě učitelé nechopili úplně ideu ABC a myslím si, že to je dost často nadužívánné a zaměňované za Q/Z. Ještě k délce bloků si myslím, že jsou krátké a nemůžeme pořádně probrat dané problematiky. ",2,1,Občas náhodně,4,2,4,2,Dobře nastavené,2,1,2,Stejně jako u SAKu mi příjde hodinová dotace nedostačující k probrání celé problematiky a zodpovězení všech dotazů v hodinách. ,4,3,4,2,Není využíváno,1,3,3,"Tento rok se podle mě posunulo hodnocení ABC v předmětu matematika, díky tomu, že si můžeme navrhnout svojí známku za aktivitu, protože v předchozích letech jsme získávali náhodně ABC a naciděl jsem v tom žádný petrn.  ",General English,3,5,3,2,Nadužívané,3,1,2,"Myslím si, že máme zbatečně moc obligatory tasků a že jsou dost často podobně koncipovány a že by šlo odebrat nějaké. ",4,5,5,1,Dobře nastavené,1,2,3,Neúměrně náročné úkoly vůči časové dotaci. ,4,4,4,2,Není využíváno,1,3,2,,1,1,1,1,Není využíváno,1,3,3,,3,3,4,4,Nadužívané,3,3,4,Nemám tvorbu a proto jsem naklikal cokoliv 
2/11/2026 12:44:11,3.D,V,"Většinou V, ale smířím se i s S","Záleží, jednu jsem úplně opustila a další asi 2 zájmy praktikuji, ale ve značně menší míře",4,1,3,3,4,1,3,2,Dobře nastavené,2,4,2,"V této sekci jsem odpovídala jen k předmětu SAK.  Pokud by se to týkalo i LU, mé odpovědi by byly velmi odlišné",1,1,Často,5,1,4,1,Dobře nastavené,1,2,2,"Zatím ve třeťáku mám pocit, že je PIV nejlepší, jaký kdy byl. Přijde mi, že učitelé zvládnou nastavit rozumné nároky, které jsou adekvátní k tomu, že se chceme rozvíjet, ale že máme práci i v jiných předmětech. Mám možnost se hodně rozvíjet, ale zároveň mám pocit, že pro nás mají učitelé pochopení a nejsou odtržení od reality.",5,2,1,1,Není využíváno,1,1,1,"Přijde mi super, že jsou s námi kritéria (jak VSHY tak ABC) jasně komunikované a učitel se snaží to do určité míry přizpůsobit i jednotlivcům, což mi přijde úplně altový :)",Academic English,4,4,2,2,Dobře nastavené,3,1,3,,3,5,5,4,Není využíváno,4,1,4,"Přišlo mi, že záležitosti ohledně odborné práce na čestinu byly často špatně komunikované a měla jsem pocit, že na nás byly kladeny opravdu velké nároky",4,3,4,1,Není využíváno,1,3,2,"Sice jsem zaškrtla, že se přípravě na němčinu věnuji hodně, ale je to ze značné části z mojí strany. Kdybych chtěla němčině dávat méně času, je to možné. Tak, jak je to teď mi to přijde dobře nastavené - mohu se rozvíjet, jak moc chci, ale necítím se z toho ve stresu. Také musím moc ocenit ZV, kterou dostáváme na ústních zkouškách - přijdeme mi hodně konkrétní, konstruktivní a celkově jedna z nejlepších (ve smyslu struktury, ne obsahu), které dostávám.",2,3,3,2,Dobře nastavené,3,2,1,"V poslední době vnímám trochu rozpor v metodách OSV. Přijde mi, že se po nás chce, abychom se zamýšleli nad našima hlubokýma vnitřníma tématama, což je super. Zároveň se také snaží o promíchávání zavedených skupinek ve třídě (např. vybírání náhodných týmů pro sdílení). To je taky fajn, ale myslím, že tyto dva zájmy, nejsou slučitelné. Je dobře, že se nás snaží propojit, ale není to úplně vhodné ve chvíli, kdy máme dojít k nějaké vnitřní introspekci a mluvit o osobních tématech. Člověk pak často nepřemýšlí nad těmi osobnímí tématy, ale spíše nad tématy, které budou moci být použité jako osobní, ale bude od nich dostatečně vnitřně distancován, aby mu nevadilo je sdílet. Dochází k určité ""autocenzuře"".",2,1,2,1,Dobře nastavené,1,2,1,Tento rok jsme neměli tvorbu
2/11/2026 13:38:28,3.D,V,Alespoň S,O jednu méně,3,2,4,4,4,3,3,4,Dobře nastavené,3,4,2,Nechápu tu četbu ,3,2,Občas náhodně,3,3,4,2,Dobře nastavené,2,2,2,,4,3,4,1,Není využíváno,2,3,2,,Academic English,4,4,3,2,Dobře nastavené,3,1,1,,3,5,5,2,Dobře nastavené,3,1,1,,5,3,3,2,Dobře nastavené,3,2,1,,3,3,2,2,Dobře nastavené,3,2,2,,4,2,2,2,Dobře nastavené,2,2,2,
2/11/2026 13:56:47,3.D,V,Alespoň S,Všechny,3,2,3,4,4,2,3,3,Dobře nastavené,1,2,1,,2,2,Občas náhodně,2,2,3,2,Dobře nastavené,2,3,2,,2,3,4,3,Není využíváno,2,2,3,,Academic English,4,4,1,3,Dobře nastavené,3,1,2,,3,4,3,3,Dobře nastavené,2,2,2,,4,1,2,1,Není využíváno,2,2,2,,3,3,1,2,Dobře nastavené,2,2,1,,3,1,1,1,Není využíváno,3,2,1,"Už tvorbu nemám, tak jsem to dělala podle toho, jak si to pamatuji…"
2/12/2026 9:18:30,3.D,V,Alespoň S,O dvě méně,3,1,4,3,5,1,2,2,Dobře nastavené,2,1,1,"Příprava na zkoušku mi moc času nezabírá, problem vidím v děláním atlasů, které nijak výrazně netestují naše znalosti ale pouze schopnost na mapy.com najit zadaný termín a zapamatovat si následně jeho přibližnou lokaci. Samotná příprava atlasu stojí znatelné množství času a myslim, ze neni úměrne znalostem, které si z toho odneseme",2,1,Občas náhodně,2,1,4,2,Dobře nastavené,3,2,1,,2,3,3,4,Není využíváno,3,3,3,,General English,4,4,2,2,Není využíváno,2,1,2,,5,5,5,2,Dobře nastavené,2,2,2,Započítávám do toho LU,3,3,3,2,Není využíváno,1,1,2,,1,1,1,1,Dobře nastavené,2,1,1,osv jako předmět už moc nemáme ,3,1,1,1,Dobře nastavené,1,2,1,Jako 3. již tvorbu nemám 